MaxMin3.java,ds.MaxMin3,org.pitest.mutationtest.engine.gregor.mutators.ConditionalsBoundaryMutator,maxMin3,5,KILLED,ds.seed5831.JTExpert.TestCase3(ds.seed5831.JTExpert)
MaxMin3.java,ds.MaxMin3,org.pitest.mutationtest.engine.gregor.mutators.ConditionalsBoundaryMutator,maxMin3,7,SURVIVED,none
MaxMin3.java,ds.MaxMin3,org.pitest.mutationtest.engine.gregor.mutators.ConditionalsBoundaryMutator,maxMin3,10,SURVIVED,none
MaxMin3.java,ds.MaxMin3,org.pitest.mutationtest.engine.gregor.mutators.ConditionalsBoundaryMutator,maxMin3,11,SURVIVED,none
MaxMin3.java,ds.MaxMin3,org.pitest.mutationtest.engine.gregor.mutators.ConditionalsBoundaryMutator,maxMin3,12,SURVIVED,none
MaxMin3.java,ds.MaxMin3,org.pitest.mutationtest.engine.gregor.mutators.ConditionalsBoundaryMutator,maxMin3,13,SURVIVED,none
MaxMin3.java,ds.MaxMin3,org.pitest.mutationtest.engine.gregor.mutators.ConditionalsBoundaryMutator,maxMin3,16,SURVIVED,none
MaxMin3.java,ds.MaxMin3,org.pitest.mutationtest.engine.gregor.mutators.ConditionalsBoundaryMutator,maxMin3,17,SURVIVED,none
MaxMin3.java,ds.MaxMin3,org.pitest.mutationtest.engine.gregor.mutators.InlineConstantMutator,maxMin3,5,KILLED,ds.seed5831.JTExpert.TestCase4(ds.seed5831.JTExpert)
MaxMin3.java,ds.MaxMin3,org.pitest.mutationtest.engine.gregor.mutators.InlineConstantMutator,maxMin3,5,KILLED,ds.seed5831.JTExpert.TestCase8(ds.seed5831.JTExpert)
MaxMin3.java,ds.MaxMin3,org.pitest.mutationtest.engine.gregor.mutators.InlineConstantMutator,maxMin3,6,SURVIVED,none
MaxMin3.java,ds.MaxMin3,org.pitest.mutationtest.engine.gregor.mutators.InlineConstantMutator,maxMin3,7,KILLED,ds.seed5831.JTExpert.TestCase3(ds.seed5831.JTExpert)
MaxMin3.java,ds.MaxMin3,org.pitest.mutationtest.engine.gregor.mutators.InlineConstantMutator,maxMin3,7,KILLED,ds.seed5831.JTExpert.TestCase3(ds.seed5831.JTExpert)
MaxMin3.java,ds.MaxMin3,org.pitest.mutationtest.engine.gregor.mutators.InlineConstantMutator,maxMin3,7,KILLED,ds.seed5831.JTExpert.TestCase3(ds.seed5831.JTExpert)
MaxMin3.java,ds.MaxMin3,org.pitest.mutationtest.engine.gregor.mutators.InlineConstantMutator,maxMin3,7,KILLED,ds.seed5831.JTExpert.TestCase3(ds.seed5831.JTExpert)
MaxMin3.java,ds.MaxMin3,org.pitest.mutationtest.engine.gregor.mutators.InlineConstantMutator,maxMin3,8,KILLED,ds.seed5831.JTExpert.TestCase0(ds.seed5831.JTExpert)
MaxMin3.java,ds.MaxMin3,org.pitest.mutationtest.engine.gregor.mutators.InlineConstantMutator,maxMin3,8,KILLED,ds.seed5831.JTExpert.TestCase0(ds.seed5831.JTExpert)
MaxMin3.java,ds.MaxMin3,org.pitest.mutationtest.engine.gregor.mutators.InlineConstantMutator,maxMin3,9,KILLED,ds.seed5831.JTExpert.TestCase4(ds.seed5831.JTExpert)
MaxMin3.java,ds.MaxMin3,org.pitest.mutationtest.engine.gregor.mutators.InlineConstantMutator,maxMin3,11,KILLED,ds.seed5831.JTExpert.TestCase2(ds.seed5831.JTExpert)
MaxMin3.java,ds.MaxMin3,org.pitest.mutationtest.engine.gregor.mutators.InlineConstantMutator,maxMin3,13,KILLED,ds.seed5831.JTExpert.TestCase2(ds.seed5831.JTExpert)
MaxMin3.java,ds.MaxMin3,org.pitest.mutationtest.engine.gregor.mutators.InlineConstantMutator,maxMin3,13,KILLED,ds.seed5831.JTExpert.TestCase2(ds.seed5831.JTExpert)
MaxMin3.java,ds.MaxMin3,org.pitest.mutationtest.engine.gregor.mutators.InlineConstantMutator,maxMin3,17,SURVIVED,none
MaxMin3.java,ds.MaxMin3,org.pitest.mutationtest.engine.gregor.mutators.InlineConstantMutator,maxMin3,17,SURVIVED,none
MaxMin3.java,ds.MaxMin3,org.pitest.mutationtest.engine.gregor.mutators.InlineConstantMutator,maxMin3,19,SURVIVED,none
MaxMin3.java,ds.MaxMin3,org.pitest.mutationtest.engine.gregor.mutators.InlineConstantMutator,maxMin3,21,KILLED,ds.seed5831.JTExpert.TestCase3(ds.seed5831.JTExpert)
MaxMin3.java,ds.MaxMin3,org.pitest.mutationtest.engine.gregor.mutators.InlineConstantMutator,maxMin3,22,KILLED,ds.seed5831.JTExpert.TestCase3(ds.seed5831.JTExpert)
MaxMin3.java,ds.MaxMin3,org.pitest.mutationtest.engine.gregor.mutators.InlineConstantMutator,maxMin3,22,KILLED,ds.seed5831.JTExpert.TestCase3(ds.seed5831.JTExpert)
MaxMin3.java,ds.MaxMin3,org.pitest.mutationtest.engine.gregor.mutators.MathMutator,maxMin3,5,KILLED,ds.seed5831.JTExpert.TestCase7(ds.seed5831.JTExpert)
MaxMin3.java,ds.MaxMin3,org.pitest.mutationtest.engine.gregor.mutators.MathMutator,maxMin3,5,KILLED,ds.seed5831.JTExpert.TestCase8(ds.seed5831.JTExpert)
MaxMin3.java,ds.MaxMin3,org.pitest.mutationtest.engine.gregor.mutators.MathMutator,maxMin3,6,KILLED,ds.seed5831.JTExpert.TestCase7(ds.seed5831.JTExpert)
MaxMin3.java,ds.MaxMin3,org.pitest.mutationtest.engine.gregor.mutators.MathMutator,maxMin3,11,SURVIVED,none
MaxMin3.java,ds.MaxMin3,org.pitest.mutationtest.engine.gregor.mutators.MathMutator,maxMin3,13,KILLED,ds.seed5831.JTExpert.TestCase2(ds.seed5831.JTExpert)
MaxMin3.java,ds.MaxMin3,org.pitest.mutationtest.engine.gregor.mutators.MathMutator,maxMin3,13,KILLED,ds.seed5831.JTExpert.TestCase2(ds.seed5831.JTExpert)
MaxMin3.java,ds.MaxMin3,org.pitest.mutationtest.engine.gregor.mutators.MathMutator,maxMin3,17,KILLED,ds.seed5831.JTExpert.TestCase1(ds.seed5831.JTExpert)
MaxMin3.java,ds.MaxMin3,org.pitest.mutationtest.engine.gregor.mutators.MathMutator,maxMin3,17,KILLED,ds.seed5831.JTExpert.TestCase1(ds.seed5831.JTExpert)
MaxMin3.java,ds.MaxMin3,org.pitest.mutationtest.engine.gregor.mutators.MathMutator,maxMin3,19,KILLED,ds.seed5831.JTExpert.TestCase4(ds.seed5831.JTExpert)
MaxMin3.java,ds.MaxMin3,org.pitest.mutationtest.engine.gregor.mutators.NegateConditionalsMutator,maxMin3,5,KILLED,ds.seed5831.JTExpert.TestCase3(ds.seed5831.JTExpert)
MaxMin3.java,ds.MaxMin3,org.pitest.mutationtest.engine.gregor.mutators.NegateConditionalsMutator,maxMin3,7,KILLED,ds.seed5831.JTExpert.TestCase3(ds.seed5831.JTExpert)
MaxMin3.java,ds.MaxMin3,org.pitest.mutationtest.engine.gregor.mutators.NegateConditionalsMutator,maxMin3,10,KILLED,ds.seed5831.JTExpert.TestCase3(ds.seed5831.JTExpert)
MaxMin3.java,ds.MaxMin3,org.pitest.mutationtest.engine.gregor.mutators.NegateConditionalsMutator,maxMin3,11,KILLED,ds.seed5831.JTExpert.TestCase2(ds.seed5831.JTExpert)
MaxMin3.java,ds.MaxMin3,org.pitest.mutationtest.engine.gregor.mutators.NegateConditionalsMutator,maxMin3,12,KILLED,ds.seed5831.JTExpert.TestCase7(ds.seed5831.JTExpert)
MaxMin3.java,ds.MaxMin3,org.pitest.mutationtest.engine.gregor.mutators.NegateConditionalsMutator,maxMin3,13,KILLED,ds.seed5831.JTExpert.TestCase7(ds.seed5831.JTExpert)
MaxMin3.java,ds.MaxMin3,org.pitest.mutationtest.engine.gregor.mutators.NegateConditionalsMutator,maxMin3,16,KILLED,ds.seed5831.JTExpert.TestCase4(ds.seed5831.JTExpert)
MaxMin3.java,ds.MaxMin3,org.pitest.mutationtest.engine.gregor.mutators.NegateConditionalsMutator,maxMin3,17,KILLED,ds.seed5831.JTExpert.TestCase4(ds.seed5831.JTExpert)
MaxMin3.java,ds.MaxMin3,org.pitest.mutationtest.engine.gregor.mutators.NullReturnValsMutator,maxMin3,23,KILLED,ds.seed5831.JTExpert.TestCase3(ds.seed5831.JTExpert)
MaxMin3.java,ds.MaxMin3,org.pitest.mutationtest.engine.gregor.mutators.RemoveConditionalMutator_ORDER_ELSE,maxMin3,5,KILLED,ds.seed5831.JTExpert.TestCase8(ds.seed5831.JTExpert)
MaxMin3.java,ds.MaxMin3,org.pitest.mutationtest.engine.gregor.mutators.RemoveConditionalMutator_ORDER_ELSE,maxMin3,7,KILLED,ds.seed5831.JTExpert.TestCase3(ds.seed5831.JTExpert)
MaxMin3.java,ds.MaxMin3,org.pitest.mutationtest.engine.gregor.mutators.RemoveConditionalMutator_ORDER_ELSE,maxMin3,10,KILLED,ds.seed5831.GeneratedTest0.test12(ds.seed5831.GeneratedTest0)
MaxMin3.java,ds.MaxMin3,org.pitest.mutationtest.engine.gregor.mutators.RemoveConditionalMutator_ORDER_ELSE,maxMin3,11,KILLED,ds.seed5831.JTExpert.TestCase2(ds.seed5831.JTExpert)
MaxMin3.java,ds.MaxMin3,org.pitest.mutationtest.engine.gregor.mutators.RemoveConditionalMutator_ORDER_ELSE,maxMin3,12,KILLED,ds.seed5831.JTExpert.TestCase2(ds.seed5831.JTExpert)
MaxMin3.java,ds.MaxMin3,org.pitest.mutationtest.engine.gregor.mutators.RemoveConditionalMutator_ORDER_ELSE,maxMin3,13,KILLED,ds.seed5831.JTExpert.TestCase2(ds.seed5831.JTExpert)
MaxMin3.java,ds.MaxMin3,org.pitest.mutationtest.engine.gregor.mutators.RemoveConditionalMutator_ORDER_ELSE,maxMin3,16,KILLED,ds.seed5831.JTExpert.TestCase4(ds.seed5831.JTExpert)
MaxMin3.java,ds.MaxMin3,org.pitest.mutationtest.engine.gregor.mutators.RemoveConditionalMutator_ORDER_ELSE,maxMin3,17,KILLED,ds.seed5831.JTExpert.TestCase1(ds.seed5831.JTExpert)
MaxMin3.java,ds.MaxMin3,org.pitest.mutationtest.engine.gregor.mutators.RemoveConditionalMutator_ORDER_IF,maxMin3,5,KILLED,ds.seed5831.JTExpert.TestCase3(ds.seed5831.JTExpert)
MaxMin3.java,ds.MaxMin3,org.pitest.mutationtest.engine.gregor.mutators.RemoveConditionalMutator_ORDER_IF,maxMin3,7,KILLED,ds.seed5831.JTExpert.TestCase0(ds.seed5831.JTExpert)
MaxMin3.java,ds.MaxMin3,org.pitest.mutationtest.engine.gregor.mutators.RemoveConditionalMutator_ORDER_IF,maxMin3,10,KILLED,ds.seed5831.JTExpert.TestCase3(ds.seed5831.JTExpert)
MaxMin3.java,ds.MaxMin3,org.pitest.mutationtest.engine.gregor.mutators.RemoveConditionalMutator_ORDER_IF,maxMin3,11,SURVIVED,none
MaxMin3.java,ds.MaxMin3,org.pitest.mutationtest.engine.gregor.mutators.RemoveConditionalMutator_ORDER_IF,maxMin3,12,KILLED,ds.seed5831.JTExpert.TestCase7(ds.seed5831.JTExpert)
MaxMin3.java,ds.MaxMin3,org.pitest.mutationtest.engine.gregor.mutators.RemoveConditionalMutator_ORDER_IF,maxMin3,13,KILLED,ds.seed5831.JTExpert.TestCase7(ds.seed5831.JTExpert)
MaxMin3.java,ds.MaxMin3,org.pitest.mutationtest.engine.gregor.mutators.RemoveConditionalMutator_ORDER_IF,maxMin3,16,KILLED,ds.seed5831.JTExpert.TestCase1(ds.seed5831.JTExpert)
MaxMin3.java,ds.MaxMin3,org.pitest.mutationtest.engine.gregor.mutators.RemoveConditionalMutator_ORDER_IF,maxMin3,17,KILLED,ds.seed5831.JTExpert.TestCase4(ds.seed5831.JTExpert)
MaxMin3.java,ds.MaxMin3,org.pitest.mutationtest.engine.gregor.mutators.ReturnValsMutator,maxMin3,23,KILLED,ds.seed5831.JTExpert.TestCase3(ds.seed5831.JTExpert)
