MaxMin3.java,ds.MaxMin3,org.pitest.mutationtest.engine.gregor.mutators.ConditionalsBoundaryMutator,maxMin3,5,KILLED,ds.seed5311.GeneratedTest0.test26(ds.seed5311.GeneratedTest0)
MaxMin3.java,ds.MaxMin3,org.pitest.mutationtest.engine.gregor.mutators.ConditionalsBoundaryMutator,maxMin3,7,SURVIVED,none
MaxMin3.java,ds.MaxMin3,org.pitest.mutationtest.engine.gregor.mutators.ConditionalsBoundaryMutator,maxMin3,10,SURVIVED,none
MaxMin3.java,ds.MaxMin3,org.pitest.mutationtest.engine.gregor.mutators.ConditionalsBoundaryMutator,maxMin3,11,SURVIVED,none
MaxMin3.java,ds.MaxMin3,org.pitest.mutationtest.engine.gregor.mutators.ConditionalsBoundaryMutator,maxMin3,12,NO_COVERAGE,none
MaxMin3.java,ds.MaxMin3,org.pitest.mutationtest.engine.gregor.mutators.ConditionalsBoundaryMutator,maxMin3,13,NO_COVERAGE,none
MaxMin3.java,ds.MaxMin3,org.pitest.mutationtest.engine.gregor.mutators.ConditionalsBoundaryMutator,maxMin3,16,NO_COVERAGE,none
MaxMin3.java,ds.MaxMin3,org.pitest.mutationtest.engine.gregor.mutators.ConditionalsBoundaryMutator,maxMin3,17,NO_COVERAGE,none
MaxMin3.java,ds.MaxMin3,org.pitest.mutationtest.engine.gregor.mutators.InlineConstantMutator,maxMin3,5,SURVIVED,none
MaxMin3.java,ds.MaxMin3,org.pitest.mutationtest.engine.gregor.mutators.InlineConstantMutator,maxMin3,5,SURVIVED,none
MaxMin3.java,ds.MaxMin3,org.pitest.mutationtest.engine.gregor.mutators.InlineConstantMutator,maxMin3,6,SURVIVED,none
MaxMin3.java,ds.MaxMin3,org.pitest.mutationtest.engine.gregor.mutators.InlineConstantMutator,maxMin3,7,SURVIVED,none
MaxMin3.java,ds.MaxMin3,org.pitest.mutationtest.engine.gregor.mutators.InlineConstantMutator,maxMin3,7,SURVIVED,none
MaxMin3.java,ds.MaxMin3,org.pitest.mutationtest.engine.gregor.mutators.InlineConstantMutator,maxMin3,7,SURVIVED,none
MaxMin3.java,ds.MaxMin3,org.pitest.mutationtest.engine.gregor.mutators.InlineConstantMutator,maxMin3,7,SURVIVED,none
MaxMin3.java,ds.MaxMin3,org.pitest.mutationtest.engine.gregor.mutators.InlineConstantMutator,maxMin3,8,SURVIVED,none
MaxMin3.java,ds.MaxMin3,org.pitest.mutationtest.engine.gregor.mutators.InlineConstantMutator,maxMin3,8,SURVIVED,none
MaxMin3.java,ds.MaxMin3,org.pitest.mutationtest.engine.gregor.mutators.InlineConstantMutator,maxMin3,9,SURVIVED,none
MaxMin3.java,ds.MaxMin3,org.pitest.mutationtest.engine.gregor.mutators.InlineConstantMutator,maxMin3,11,SURVIVED,none
MaxMin3.java,ds.MaxMin3,org.pitest.mutationtest.engine.gregor.mutators.InlineConstantMutator,maxMin3,13,NO_COVERAGE,none
MaxMin3.java,ds.MaxMin3,org.pitest.mutationtest.engine.gregor.mutators.InlineConstantMutator,maxMin3,13,NO_COVERAGE,none
MaxMin3.java,ds.MaxMin3,org.pitest.mutationtest.engine.gregor.mutators.InlineConstantMutator,maxMin3,17,NO_COVERAGE,none
MaxMin3.java,ds.MaxMin3,org.pitest.mutationtest.engine.gregor.mutators.InlineConstantMutator,maxMin3,17,NO_COVERAGE,none
MaxMin3.java,ds.MaxMin3,org.pitest.mutationtest.engine.gregor.mutators.InlineConstantMutator,maxMin3,19,NO_COVERAGE,none
MaxMin3.java,ds.MaxMin3,org.pitest.mutationtest.engine.gregor.mutators.InlineConstantMutator,maxMin3,21,SURVIVED,none
MaxMin3.java,ds.MaxMin3,org.pitest.mutationtest.engine.gregor.mutators.InlineConstantMutator,maxMin3,22,SURVIVED,none
MaxMin3.java,ds.MaxMin3,org.pitest.mutationtest.engine.gregor.mutators.InlineConstantMutator,maxMin3,22,SURVIVED,none
MaxMin3.java,ds.MaxMin3,org.pitest.mutationtest.engine.gregor.mutators.MathMutator,maxMin3,5,SURVIVED,none
MaxMin3.java,ds.MaxMin3,org.pitest.mutationtest.engine.gregor.mutators.MathMutator,maxMin3,5,SURVIVED,none
MaxMin3.java,ds.MaxMin3,org.pitest.mutationtest.engine.gregor.mutators.MathMutator,maxMin3,6,SURVIVED,none
MaxMin3.java,ds.MaxMin3,org.pitest.mutationtest.engine.gregor.mutators.MathMutator,maxMin3,11,SURVIVED,none
MaxMin3.java,ds.MaxMin3,org.pitest.mutationtest.engine.gregor.mutators.MathMutator,maxMin3,13,NO_COVERAGE,none
MaxMin3.java,ds.MaxMin3,org.pitest.mutationtest.engine.gregor.mutators.MathMutator,maxMin3,13,NO_COVERAGE,none
MaxMin3.java,ds.MaxMin3,org.pitest.mutationtest.engine.gregor.mutators.MathMutator,maxMin3,17,NO_COVERAGE,none
MaxMin3.java,ds.MaxMin3,org.pitest.mutationtest.engine.gregor.mutators.MathMutator,maxMin3,17,NO_COVERAGE,none
MaxMin3.java,ds.MaxMin3,org.pitest.mutationtest.engine.gregor.mutators.MathMutator,maxMin3,19,NO_COVERAGE,none
MaxMin3.java,ds.MaxMin3,org.pitest.mutationtest.engine.gregor.mutators.NegateConditionalsMutator,maxMin3,5,KILLED,ds.seed5311.GeneratedTest0.test26(ds.seed5311.GeneratedTest0)
MaxMin3.java,ds.MaxMin3,org.pitest.mutationtest.engine.gregor.mutators.NegateConditionalsMutator,maxMin3,7,SURVIVED,none
MaxMin3.java,ds.MaxMin3,org.pitest.mutationtest.engine.gregor.mutators.NegateConditionalsMutator,maxMin3,10,KILLED,ds.seed5311.GeneratedTest0.test26(ds.seed5311.GeneratedTest0)
MaxMin3.java,ds.MaxMin3,org.pitest.mutationtest.engine.gregor.mutators.NegateConditionalsMutator,maxMin3,11,SURVIVED,none
MaxMin3.java,ds.MaxMin3,org.pitest.mutationtest.engine.gregor.mutators.NegateConditionalsMutator,maxMin3,12,NO_COVERAGE,none
MaxMin3.java,ds.MaxMin3,org.pitest.mutationtest.engine.gregor.mutators.NegateConditionalsMutator,maxMin3,13,NO_COVERAGE,none
MaxMin3.java,ds.MaxMin3,org.pitest.mutationtest.engine.gregor.mutators.NegateConditionalsMutator,maxMin3,16,NO_COVERAGE,none
MaxMin3.java,ds.MaxMin3,org.pitest.mutationtest.engine.gregor.mutators.NegateConditionalsMutator,maxMin3,17,NO_COVERAGE,none
MaxMin3.java,ds.MaxMin3,org.pitest.mutationtest.engine.gregor.mutators.NullReturnValsMutator,maxMin3,23,SURVIVED,none
MaxMin3.java,ds.MaxMin3,org.pitest.mutationtest.engine.gregor.mutators.RemoveConditionalMutator_ORDER_ELSE,maxMin3,5,SURVIVED,none
MaxMin3.java,ds.MaxMin3,org.pitest.mutationtest.engine.gregor.mutators.RemoveConditionalMutator_ORDER_ELSE,maxMin3,7,SURVIVED,none
MaxMin3.java,ds.MaxMin3,org.pitest.mutationtest.engine.gregor.mutators.RemoveConditionalMutator_ORDER_ELSE,maxMin3,10,KILLED,ds.seed5311.GeneratedTest0.test2(ds.seed5311.GeneratedTest0)
MaxMin3.java,ds.MaxMin3,org.pitest.mutationtest.engine.gregor.mutators.RemoveConditionalMutator_ORDER_ELSE,maxMin3,11,SURVIVED,none
MaxMin3.java,ds.MaxMin3,org.pitest.mutationtest.engine.gregor.mutators.RemoveConditionalMutator_ORDER_ELSE,maxMin3,12,NO_COVERAGE,none
MaxMin3.java,ds.MaxMin3,org.pitest.mutationtest.engine.gregor.mutators.RemoveConditionalMutator_ORDER_ELSE,maxMin3,13,NO_COVERAGE,none
MaxMin3.java,ds.MaxMin3,org.pitest.mutationtest.engine.gregor.mutators.RemoveConditionalMutator_ORDER_ELSE,maxMin3,16,NO_COVERAGE,none
MaxMin3.java,ds.MaxMin3,org.pitest.mutationtest.engine.gregor.mutators.RemoveConditionalMutator_ORDER_ELSE,maxMin3,17,NO_COVERAGE,none
MaxMin3.java,ds.MaxMin3,org.pitest.mutationtest.engine.gregor.mutators.RemoveConditionalMutator_ORDER_IF,maxMin3,5,KILLED,ds.seed5311.GeneratedTest0.test26(ds.seed5311.GeneratedTest0)
MaxMin3.java,ds.MaxMin3,org.pitest.mutationtest.engine.gregor.mutators.RemoveConditionalMutator_ORDER_IF,maxMin3,7,SURVIVED,none
MaxMin3.java,ds.MaxMin3,org.pitest.mutationtest.engine.gregor.mutators.RemoveConditionalMutator_ORDER_IF,maxMin3,10,KILLED,ds.seed5311.GeneratedTest0.test26(ds.seed5311.GeneratedTest0)
MaxMin3.java,ds.MaxMin3,org.pitest.mutationtest.engine.gregor.mutators.RemoveConditionalMutator_ORDER_IF,maxMin3,11,SURVIVED,none
MaxMin3.java,ds.MaxMin3,org.pitest.mutationtest.engine.gregor.mutators.RemoveConditionalMutator_ORDER_IF,maxMin3,12,NO_COVERAGE,none
MaxMin3.java,ds.MaxMin3,org.pitest.mutationtest.engine.gregor.mutators.RemoveConditionalMutator_ORDER_IF,maxMin3,13,NO_COVERAGE,none
MaxMin3.java,ds.MaxMin3,org.pitest.mutationtest.engine.gregor.mutators.RemoveConditionalMutator_ORDER_IF,maxMin3,16,NO_COVERAGE,none
MaxMin3.java,ds.MaxMin3,org.pitest.mutationtest.engine.gregor.mutators.RemoveConditionalMutator_ORDER_IF,maxMin3,17,NO_COVERAGE,none
MaxMin3.java,ds.MaxMin3,org.pitest.mutationtest.engine.gregor.mutators.ReturnValsMutator,maxMin3,23,SURVIVED,none
