TabelaHash.java,ds.TabelaHash,org.pitest.mutationtest.engine.gregor.mutators.ConditionalsBoundaryMutator,<init>,39,KILLED,ds.RegressionTest20All0.test27(ds.RegressionTest20All0)
TabelaHash.java,ds.TabelaHash,org.pitest.mutationtest.engine.gregor.mutators.IncrementsMutator,<init>,39,KILLED,ds.RegressionTest20All0.test27(ds.RegressionTest20All0)
TabelaHash.java,ds.TabelaHash,org.pitest.mutationtest.engine.gregor.mutators.InlineConstantMutator,<init>,36,SURVIVED,none
TabelaHash.java,ds.TabelaHash,org.pitest.mutationtest.engine.gregor.mutators.InlineConstantMutator,<init>,37,SURVIVED,none
TabelaHash.java,ds.TabelaHash,org.pitest.mutationtest.engine.gregor.mutators.InlineConstantMutator,<init>,39,SURVIVED,none
TabelaHash.java,ds.TabelaHash,org.pitest.mutationtest.engine.gregor.mutators.NegateConditionalsMutator,<init>,39,SURVIVED,none
TabelaHash.java,ds.TabelaHash,org.pitest.mutationtest.engine.gregor.mutators.NonVoidMethodCallMutator,<init>,40,KILLED,ds.RegressionTest20All0.test29(ds.RegressionTest20All0)
TabelaHash.java,ds.TabelaHash,org.pitest.mutationtest.engine.gregor.mutators.RemoveConditionalMutator_ORDER_ELSE,<init>,39,SURVIVED,none
TabelaHash.java,ds.TabelaHash,org.pitest.mutationtest.engine.gregor.mutators.RemoveConditionalMutator_ORDER_IF,<init>,39,KILLED,ds.RegressionTest20All0.test27(ds.RegressionTest20All0)
TabelaHash.java,ds.TabelaHash,org.pitest.mutationtest.engine.gregor.mutators.experimental.MemberVariableMutator,<init>,38,KILLED,ds.RegressionTest20All0.test27(ds.RegressionTest20All0)
TabelaHash.java,ds.TabelaHash,org.pitest.mutationtest.engine.gregor.mutators.experimental.MemberVariableMutator,<init>,38,KILLED,ds.RegressionTest20All0.test27(ds.RegressionTest20All0)
TabelaHash.java,ds.TabelaHash,org.pitest.mutationtest.engine.gregor.mutators.experimental.MemberVariableMutator,<init>,40,KILLED,ds.RegressionTest20All0.test29(ds.RegressionTest20All0)
TabelaHash.java,ds.TabelaHash,org.pitest.mutationtest.engine.gregor.mutators.experimental.RemoveIncrementsMutator,<init>,39,TIMED_OUT,none
TabelaHash.java,ds.TabelaHash,org.pitest.mutationtest.engine.gregor.mutators.ArgumentPropagationMutator,geraPesos,24,SURVIVED,none
TabelaHash.java,ds.TabelaHash,org.pitest.mutationtest.engine.gregor.mutators.ConditionalsBoundaryMutator,geraPesos,24,KILLED,ds.RegressionTest20All0.test27(ds.RegressionTest20All0)
TabelaHash.java,ds.TabelaHash,org.pitest.mutationtest.engine.gregor.mutators.ConstructorCallMutator,geraPesos,23,KILLED,ds.RegressionTest20All0.test27(ds.RegressionTest20All0)
TabelaHash.java,ds.TabelaHash,org.pitest.mutationtest.engine.gregor.mutators.IncrementsMutator,geraPesos,24,KILLED,ds.RegressionTest20All0.test27(ds.RegressionTest20All0)
TabelaHash.java,ds.TabelaHash,org.pitest.mutationtest.engine.gregor.mutators.InlineConstantMutator,geraPesos,24,SURVIVED,none
TabelaHash.java,ds.TabelaHash,org.pitest.mutationtest.engine.gregor.mutators.InlineConstantMutator,geraPesos,24,SURVIVED,none
TabelaHash.java,ds.TabelaHash,org.pitest.mutationtest.engine.gregor.mutators.MathMutator,geraPesos,24,KILLED,ds.RegressionTest20All0.test21(ds.RegressionTest20All0)
TabelaHash.java,ds.TabelaHash,org.pitest.mutationtest.engine.gregor.mutators.NegateConditionalsMutator,geraPesos,24,SURVIVED,none
TabelaHash.java,ds.TabelaHash,org.pitest.mutationtest.engine.gregor.mutators.NonVoidMethodCallMutator,geraPesos,24,SURVIVED,none
TabelaHash.java,ds.TabelaHash,org.pitest.mutationtest.engine.gregor.mutators.RemoveConditionalMutator_ORDER_ELSE,geraPesos,24,SURVIVED,none
TabelaHash.java,ds.TabelaHash,org.pitest.mutationtest.engine.gregor.mutators.RemoveConditionalMutator_ORDER_IF,geraPesos,24,KILLED,ds.RegressionTest20All0.test27(ds.RegressionTest20All0)
TabelaHash.java,ds.TabelaHash,org.pitest.mutationtest.engine.gregor.mutators.ReturnValsMutator,geraPesos,25,KILLED,ds.RegressionTest20All0.test29(ds.RegressionTest20All0)
TabelaHash.java,ds.TabelaHash,org.pitest.mutationtest.engine.gregor.mutators.experimental.RemoveIncrementsMutator,geraPesos,24,TIMED_OUT,none
TabelaHash.java,ds.TabelaHash,org.pitest.mutationtest.engine.gregor.mutators.ConditionalsBoundaryMutator,h,30,KILLED,ds.RegressionTest20All0.test27(ds.RegressionTest20All0)
TabelaHash.java,ds.TabelaHash,org.pitest.mutationtest.engine.gregor.mutators.IncrementsMutator,h,30,KILLED,ds.RegressionTest20All0.test29(ds.RegressionTest20All0)
TabelaHash.java,ds.TabelaHash,org.pitest.mutationtest.engine.gregor.mutators.InlineConstantMutator,h,29,SURVIVED,none
TabelaHash.java,ds.TabelaHash,org.pitest.mutationtest.engine.gregor.mutators.InlineConstantMutator,h,30,SURVIVED,none
TabelaHash.java,ds.TabelaHash,org.pitest.mutationtest.engine.gregor.mutators.MathMutator,h,31,SURVIVED,none
TabelaHash.java,ds.TabelaHash,org.pitest.mutationtest.engine.gregor.mutators.MathMutator,h,31,KILLED,ds.RegressionTest20All0.test29(ds.RegressionTest20All0)
TabelaHash.java,ds.TabelaHash,org.pitest.mutationtest.engine.gregor.mutators.MathMutator,h,32,KILLED,ds.RegressionTest20All0.test29(ds.RegressionTest20All0)
TabelaHash.java,ds.TabelaHash,org.pitest.mutationtest.engine.gregor.mutators.NegateConditionalsMutator,h,30,KILLED,ds.RegressionTest20All0.test27(ds.RegressionTest20All0)
TabelaHash.java,ds.TabelaHash,org.pitest.mutationtest.engine.gregor.mutators.NonVoidMethodCallMutator,h,30,SURVIVED,none
TabelaHash.java,ds.TabelaHash,org.pitest.mutationtest.engine.gregor.mutators.NonVoidMethodCallMutator,h,31,SURVIVED,none
TabelaHash.java,ds.TabelaHash,org.pitest.mutationtest.engine.gregor.mutators.RemoveConditionalMutator_ORDER_ELSE,h,30,SURVIVED,none
TabelaHash.java,ds.TabelaHash,org.pitest.mutationtest.engine.gregor.mutators.RemoveConditionalMutator_ORDER_IF,h,30,KILLED,ds.RegressionTest20All0.test27(ds.RegressionTest20All0)
TabelaHash.java,ds.TabelaHash,org.pitest.mutationtest.engine.gregor.mutators.ReturnValsMutator,h,32,SURVIVED,none
TabelaHash.java,ds.TabelaHash,org.pitest.mutationtest.engine.gregor.mutators.experimental.RemoveIncrementsMutator,h,30,TIMED_OUT,none
TabelaHash.java,ds.TabelaHash,org.pitest.mutationtest.engine.gregor.mutators.ConditionalsBoundaryMutator,imprime,90,KILLED,ds.RegressionTest20All0.test34(ds.RegressionTest20All0)
TabelaHash.java,ds.TabelaHash,org.pitest.mutationtest.engine.gregor.mutators.ConstructorCallMutator,imprime,92,KILLED,ds.RegressionTest20All0.test18(ds.RegressionTest20All0)
TabelaHash.java,ds.TabelaHash,org.pitest.mutationtest.engine.gregor.mutators.IncrementsMutator,imprime,90,KILLED,ds.RegressionTest20All0.test34(ds.RegressionTest20All0)
TabelaHash.java,ds.TabelaHash,org.pitest.mutationtest.engine.gregor.mutators.InlineConstantMutator,imprime,90,SURVIVED,none
TabelaHash.java,ds.TabelaHash,org.pitest.mutationtest.engine.gregor.mutators.NegateConditionalsMutator,imprime,90,SURVIVED,none
TabelaHash.java,ds.TabelaHash,org.pitest.mutationtest.engine.gregor.mutators.NegateConditionalsMutator,imprime,91,KILLED,ds.RegressionTest20All0.test34(ds.RegressionTest20All0)
TabelaHash.java,ds.TabelaHash,org.pitest.mutationtest.engine.gregor.mutators.NegateConditionalsMutator,imprime,91,SURVIVED,none
TabelaHash.java,ds.TabelaHash,org.pitest.mutationtest.engine.gregor.mutators.NonVoidMethodCallMutator,imprime,92,KILLED,ds.RegressionTest20All0.test18(ds.RegressionTest20All0)
TabelaHash.java,ds.TabelaHash,org.pitest.mutationtest.engine.gregor.mutators.NonVoidMethodCallMutator,imprime,92,KILLED,ds.RegressionTest20All0.test18(ds.RegressionTest20All0)
TabelaHash.java,ds.TabelaHash,org.pitest.mutationtest.engine.gregor.mutators.NonVoidMethodCallMutator,imprime,92,KILLED,ds.RegressionTest20All0.test18(ds.RegressionTest20All0)
TabelaHash.java,ds.TabelaHash,org.pitest.mutationtest.engine.gregor.mutators.NonVoidMethodCallMutator,imprime,92,KILLED,ds.RegressionTest20All0.test18(ds.RegressionTest20All0)
TabelaHash.java,ds.TabelaHash,org.pitest.mutationtest.engine.gregor.mutators.NonVoidMethodCallMutator,imprime,92,SURVIVED,none
TabelaHash.java,ds.TabelaHash,org.pitest.mutationtest.engine.gregor.mutators.RemoveConditionalMutator_EQUAL_ELSE,imprime,91,SURVIVED,none
TabelaHash.java,ds.TabelaHash,org.pitest.mutationtest.engine.gregor.mutators.RemoveConditionalMutator_EQUAL_ELSE,imprime,91,SURVIVED,none
TabelaHash.java,ds.TabelaHash,org.pitest.mutationtest.engine.gregor.mutators.RemoveConditionalMutator_EQUAL_IF,imprime,91,KILLED,ds.RegressionTest20All0.test34(ds.RegressionTest20All0)
TabelaHash.java,ds.TabelaHash,org.pitest.mutationtest.engine.gregor.mutators.RemoveConditionalMutator_EQUAL_IF,imprime,91,SURVIVED,none
TabelaHash.java,ds.TabelaHash,org.pitest.mutationtest.engine.gregor.mutators.RemoveConditionalMutator_ORDER_ELSE,imprime,90,SURVIVED,none
TabelaHash.java,ds.TabelaHash,org.pitest.mutationtest.engine.gregor.mutators.RemoveConditionalMutator_ORDER_IF,imprime,90,KILLED,ds.RegressionTest20All0.test34(ds.RegressionTest20All0)
TabelaHash.java,ds.TabelaHash,org.pitest.mutationtest.engine.gregor.mutators.VoidMethodCallMutator,imprime,92,SURVIVED,none
TabelaHash.java,ds.TabelaHash,org.pitest.mutationtest.engine.gregor.mutators.experimental.RemoveIncrementsMutator,imprime,90,TIMED_OUT,none
TabelaHash.java,ds.TabelaHash,org.pitest.mutationtest.engine.gregor.mutators.ConditionalsBoundaryMutator,insere,64,SURVIVED,none
TabelaHash.java,ds.TabelaHash,org.pitest.mutationtest.engine.gregor.mutators.ConditionalsBoundaryMutator,insere,67,SURVIVED,none
TabelaHash.java,ds.TabelaHash,org.pitest.mutationtest.engine.gregor.mutators.ConstructorCallMutator,insere,67,KILLED,ds.RegressionTest20All0.test18(ds.RegressionTest20All0)
TabelaHash.java,ds.TabelaHash,org.pitest.mutationtest.engine.gregor.mutators.IncrementsMutator,insere,66,NO_COVERAGE,none
TabelaHash.java,ds.TabelaHash,org.pitest.mutationtest.engine.gregor.mutators.InlineConstantMutator,insere,63,SURVIVED,none
TabelaHash.java,ds.TabelaHash,org.pitest.mutationtest.engine.gregor.mutators.MathMutator,insere,66,NO_COVERAGE,none
TabelaHash.java,ds.TabelaHash,org.pitest.mutationtest.engine.gregor.mutators.MathMutator,insere,66,NO_COVERAGE,none
TabelaHash.java,ds.TabelaHash,org.pitest.mutationtest.engine.gregor.mutators.NegateConditionalsMutator,insere,61,KILLED,ds.RegressionTest20All0.test18(ds.RegressionTest20All0)
TabelaHash.java,ds.TabelaHash,org.pitest.mutationtest.engine.gregor.mutators.NegateConditionalsMutator,insere,64,KILLED,ds.RegressionTest20All0.test36(ds.RegressionTest20All0)
TabelaHash.java,ds.TabelaHash,org.pitest.mutationtest.engine.gregor.mutators.NegateConditionalsMutator,insere,64,SURVIVED,none
TabelaHash.java,ds.TabelaHash,org.pitest.mutationtest.engine.gregor.mutators.NegateConditionalsMutator,insere,64,SURVIVED,none
TabelaHash.java,ds.TabelaHash,org.pitest.mutationtest.engine.gregor.mutators.NegateConditionalsMutator,insere,67,KILLED,ds.RegressionTest20All0.test18(ds.RegressionTest20All0)
TabelaHash.java,ds.TabelaHash,org.pitest.mutationtest.engine.gregor.mutators.NonVoidMethodCallMutator,insere,61,SURVIVED,none
TabelaHash.java,ds.TabelaHash,org.pitest.mutationtest.engine.gregor.mutators.NonVoidMethodCallMutator,insere,62,KILLED,ds.RegressionTest20All0.test01(ds.RegressionTest20All0)
TabelaHash.java,ds.TabelaHash,org.pitest.mutationtest.engine.gregor.mutators.RemoveConditionalMutator_EQUAL_ELSE,insere,61,KILLED,ds.RegressionTest20All0.test18(ds.RegressionTest20All0)
TabelaHash.java,ds.TabelaHash,org.pitest.mutationtest.engine.gregor.mutators.RemoveConditionalMutator_EQUAL_ELSE,insere,64,SURVIVED,none
TabelaHash.java,ds.TabelaHash,org.pitest.mutationtest.engine.gregor.mutators.RemoveConditionalMutator_EQUAL_ELSE,insere,64,SURVIVED,none
TabelaHash.java,ds.TabelaHash,org.pitest.mutationtest.engine.gregor.mutators.RemoveConditionalMutator_EQUAL_IF,insere,61,SURVIVED,none
TabelaHash.java,ds.TabelaHash,org.pitest.mutationtest.engine.gregor.mutators.RemoveConditionalMutator_EQUAL_IF,insere,64,KILLED,ds.RegressionTest20All0.test36(ds.RegressionTest20All0)
TabelaHash.java,ds.TabelaHash,org.pitest.mutationtest.engine.gregor.mutators.RemoveConditionalMutator_EQUAL_IF,insere,64,SURVIVED,none
TabelaHash.java,ds.TabelaHash,org.pitest.mutationtest.engine.gregor.mutators.RemoveConditionalMutator_ORDER_ELSE,insere,64,SURVIVED,none
TabelaHash.java,ds.TabelaHash,org.pitest.mutationtest.engine.gregor.mutators.RemoveConditionalMutator_ORDER_ELSE,insere,67,KILLED,ds.RegressionTest20All0.test18(ds.RegressionTest20All0)
TabelaHash.java,ds.TabelaHash,org.pitest.mutationtest.engine.gregor.mutators.RemoveConditionalMutator_ORDER_IF,insere,64,SURVIVED,none
TabelaHash.java,ds.TabelaHash,org.pitest.mutationtest.engine.gregor.mutators.RemoveConditionalMutator_ORDER_IF,insere,67,SURVIVED,none
TabelaHash.java,ds.TabelaHash,org.pitest.mutationtest.engine.gregor.mutators.VoidMethodCallMutator,insere,68,NO_COVERAGE,none
TabelaHash.java,ds.TabelaHash,org.pitest.mutationtest.engine.gregor.mutators.VoidMethodCallMutator,insere,69,SURVIVED,none
TabelaHash.java,ds.TabelaHash,org.pitest.mutationtest.engine.gregor.mutators.experimental.RemoveIncrementsMutator,insere,66,NO_COVERAGE,none
TabelaHash.java,ds.TabelaHash,org.pitest.mutationtest.engine.gregor.mutators.ConditionalsBoundaryMutator,pesquisa,56,KILLED,ds.RegressionTest20All0.test27(ds.RegressionTest20All0)
TabelaHash.java,ds.TabelaHash,org.pitest.mutationtest.engine.gregor.mutators.NegateConditionalsMutator,pesquisa,56,KILLED,ds.RegressionTest20All0.test27(ds.RegressionTest20All0)
TabelaHash.java,ds.TabelaHash,org.pitest.mutationtest.engine.gregor.mutators.NonVoidMethodCallMutator,pesquisa,55,KILLED,ds.RegressionTest20All0.test27(ds.RegressionTest20All0)
TabelaHash.java,ds.TabelaHash,org.pitest.mutationtest.engine.gregor.mutators.RemoveConditionalMutator_ORDER_ELSE,pesquisa,56,KILLED,ds.RegressionTest20All0.test18(ds.RegressionTest20All0)
TabelaHash.java,ds.TabelaHash,org.pitest.mutationtest.engine.gregor.mutators.RemoveConditionalMutator_ORDER_IF,pesquisa,56,KILLED,ds.RegressionTest20All0.test27(ds.RegressionTest20All0)
TabelaHash.java,ds.TabelaHash,org.pitest.mutationtest.engine.gregor.mutators.ReturnValsMutator,pesquisa,56,KILLED,ds.RegressionTest20All0.test18(ds.RegressionTest20All0)
TabelaHash.java,ds.TabelaHash,org.pitest.mutationtest.engine.gregor.mutators.ReturnValsMutator,pesquisa,57,KILLED,ds.RegressionTest20All0.test27(ds.RegressionTest20All0)
TabelaHash.java,ds.TabelaHash,org.pitest.mutationtest.engine.gregor.mutators.ConditionalsBoundaryMutator,pesquisaIndice,46,SURVIVED,none
TabelaHash.java,ds.TabelaHash,org.pitest.mutationtest.engine.gregor.mutators.IncrementsMutator,pesquisaIndice,48,NO_COVERAGE,none
TabelaHash.java,ds.TabelaHash,org.pitest.mutationtest.engine.gregor.mutators.InlineConstantMutator,pesquisaIndice,45,SURVIVED,none
TabelaHash.java,ds.TabelaHash,org.pitest.mutationtest.engine.gregor.mutators.MathMutator,pesquisaIndice,48,NO_COVERAGE,none
TabelaHash.java,ds.TabelaHash,org.pitest.mutationtest.engine.gregor.mutators.MathMutator,pesquisaIndice,48,NO_COVERAGE,none
TabelaHash.java,ds.TabelaHash,org.pitest.mutationtest.engine.gregor.mutators.NegateConditionalsMutator,pesquisaIndice,46,KILLED,ds.RegressionTest20All0.test27(ds.RegressionTest20All0)
TabelaHash.java,ds.TabelaHash,org.pitest.mutationtest.engine.gregor.mutators.NegateConditionalsMutator,pesquisaIndice,46,KILLED,ds.RegressionTest20All0.test18(ds.RegressionTest20All0)
TabelaHash.java,ds.TabelaHash,org.pitest.mutationtest.engine.gregor.mutators.NegateConditionalsMutator,pesquisaIndice,46,SURVIVED,none
TabelaHash.java,ds.TabelaHash,org.pitest.mutationtest.engine.gregor.mutators.NegateConditionalsMutator,pesquisaIndice,49,KILLED,ds.RegressionTest20All0.test27(ds.RegressionTest20All0)
TabelaHash.java,ds.TabelaHash,org.pitest.mutationtest.engine.gregor.mutators.NegateConditionalsMutator,pesquisaIndice,49,KILLED,ds.RegressionTest20All0.test18(ds.RegressionTest20All0)
TabelaHash.java,ds.TabelaHash,org.pitest.mutationtest.engine.gregor.mutators.NonVoidMethodCallMutator,pesquisaIndice,44,KILLED,ds.RegressionTest20All0.test18(ds.RegressionTest20All0)
TabelaHash.java,ds.TabelaHash,org.pitest.mutationtest.engine.gregor.mutators.NonVoidMethodCallMutator,pesquisaIndice,46,KILLED,ds.RegressionTest20All0.test18(ds.RegressionTest20All0)
TabelaHash.java,ds.TabelaHash,org.pitest.mutationtest.engine.gregor.mutators.NonVoidMethodCallMutator,pesquisaIndice,49,KILLED,ds.RegressionTest20All0.test18(ds.RegressionTest20All0)
TabelaHash.java,ds.TabelaHash,org.pitest.mutationtest.engine.gregor.mutators.RemoveConditionalMutator_EQUAL_ELSE,pesquisaIndice,46,SURVIVED,none
TabelaHash.java,ds.TabelaHash,org.pitest.mutationtest.engine.gregor.mutators.RemoveConditionalMutator_EQUAL_ELSE,pesquisaIndice,46,SURVIVED,none
TabelaHash.java,ds.TabelaHash,org.pitest.mutationtest.engine.gregor.mutators.RemoveConditionalMutator_EQUAL_ELSE,pesquisaIndice,49,KILLED,ds.RegressionTest20All0.test18(ds.RegressionTest20All0)
TabelaHash.java,ds.TabelaHash,org.pitest.mutationtest.engine.gregor.mutators.RemoveConditionalMutator_EQUAL_ELSE,pesquisaIndice,49,KILLED,ds.RegressionTest20All0.test18(ds.RegressionTest20All0)
TabelaHash.java,ds.TabelaHash,org.pitest.mutationtest.engine.gregor.mutators.RemoveConditionalMutator_EQUAL_IF,pesquisaIndice,46,KILLED,ds.RegressionTest20All0.test27(ds.RegressionTest20All0)
TabelaHash.java,ds.TabelaHash,org.pitest.mutationtest.engine.gregor.mutators.RemoveConditionalMutator_EQUAL_IF,pesquisaIndice,46,KILLED,ds.RegressionTest20All0.test18(ds.RegressionTest20All0)
TabelaHash.java,ds.TabelaHash,org.pitest.mutationtest.engine.gregor.mutators.RemoveConditionalMutator_EQUAL_IF,pesquisaIndice,49,KILLED,ds.RegressionTest20All0.test27(ds.RegressionTest20All0)
TabelaHash.java,ds.TabelaHash,org.pitest.mutationtest.engine.gregor.mutators.RemoveConditionalMutator_EQUAL_IF,pesquisaIndice,49,SURVIVED,none
TabelaHash.java,ds.TabelaHash,org.pitest.mutationtest.engine.gregor.mutators.RemoveConditionalMutator_ORDER_ELSE,pesquisaIndice,46,SURVIVED,none
TabelaHash.java,ds.TabelaHash,org.pitest.mutationtest.engine.gregor.mutators.RemoveConditionalMutator_ORDER_IF,pesquisaIndice,46,SURVIVED,none
TabelaHash.java,ds.TabelaHash,org.pitest.mutationtest.engine.gregor.mutators.ReturnValsMutator,pesquisaIndice,50,KILLED,ds.RegressionTest20All0.test18(ds.RegressionTest20All0)
TabelaHash.java,ds.TabelaHash,org.pitest.mutationtest.engine.gregor.mutators.ReturnValsMutator,pesquisaIndice,51,KILLED,ds.RegressionTest20All0.test27(ds.RegressionTest20All0)
TabelaHash.java,ds.TabelaHash,org.pitest.mutationtest.engine.gregor.mutators.experimental.RemoveIncrementsMutator,pesquisaIndice,48,NO_COVERAGE,none
TabelaHash.java,ds.TabelaHash,org.pitest.mutationtest.engine.gregor.mutators.ConditionalsBoundaryMutator,recuperaItens,81,KILLED,ds.RegressionTest20All0.test31(ds.RegressionTest20All0)
TabelaHash.java,ds.TabelaHash,org.pitest.mutationtest.engine.gregor.mutators.ConditionalsBoundaryMutator,recuperaItens,84,KILLED,ds.RegressionTest20All0.test31(ds.RegressionTest20All0)
TabelaHash.java,ds.TabelaHash,org.pitest.mutationtest.engine.gregor.mutators.IncrementsMutator,recuperaItens,82,KILLED,ds.RegressionTest20All0.test36(ds.RegressionTest20All0)
TabelaHash.java,ds.TabelaHash,org.pitest.mutationtest.engine.gregor.mutators.IncrementsMutator,recuperaItens,81,KILLED,ds.RegressionTest20All0.test31(ds.RegressionTest20All0)
TabelaHash.java,ds.TabelaHash,org.pitest.mutationtest.engine.gregor.mutators.IncrementsMutator,recuperaItens,86,KILLED,ds.RegressionTest20All0.test37(ds.RegressionTest20All0)
TabelaHash.java,ds.TabelaHash,org.pitest.mutationtest.engine.gregor.mutators.IncrementsMutator,recuperaItens,84,KILLED,ds.RegressionTest20All0.test31(ds.RegressionTest20All0)
TabelaHash.java,ds.TabelaHash,org.pitest.mutationtest.engine.gregor.mutators.InlineConstantMutator,recuperaItens,80,SURVIVED,none
TabelaHash.java,ds.TabelaHash,org.pitest.mutationtest.engine.gregor.mutators.InlineConstantMutator,recuperaItens,81,KILLED,ds.RegressionTest20All0.test37(ds.RegressionTest20All0)
TabelaHash.java,ds.TabelaHash,org.pitest.mutationtest.engine.gregor.mutators.InlineConstantMutator,recuperaItens,83,KILLED,ds.RegressionTest20All0.test36(ds.RegressionTest20All0)
TabelaHash.java,ds.TabelaHash,org.pitest.mutationtest.engine.gregor.mutators.InlineConstantMutator,recuperaItens,84,SURVIVED,none
TabelaHash.java,ds.TabelaHash,org.pitest.mutationtest.engine.gregor.mutators.NegateConditionalsMutator,recuperaItens,81,KILLED,ds.RegressionTest20All0.test36(ds.RegressionTest20All0)
TabelaHash.java,ds.TabelaHash,org.pitest.mutationtest.engine.gregor.mutators.NegateConditionalsMutator,recuperaItens,82,KILLED,ds.RegressionTest20All0.test31(ds.RegressionTest20All0)
TabelaHash.java,ds.TabelaHash,org.pitest.mutationtest.engine.gregor.mutators.NegateConditionalsMutator,recuperaItens,82,KILLED,ds.RegressionTest20All0.test36(ds.RegressionTest20All0)
TabelaHash.java,ds.TabelaHash,org.pitest.mutationtest.engine.gregor.mutators.NegateConditionalsMutator,recuperaItens,84,SURVIVED,none
TabelaHash.java,ds.TabelaHash,org.pitest.mutationtest.engine.gregor.mutators.NegateConditionalsMutator,recuperaItens,85,KILLED,ds.RegressionTest20All0.test31(ds.RegressionTest20All0)
TabelaHash.java,ds.TabelaHash,org.pitest.mutationtest.engine.gregor.mutators.NegateConditionalsMutator,recuperaItens,85,SURVIVED,none
TabelaHash.java,ds.TabelaHash,org.pitest.mutationtest.engine.gregor.mutators.RemoveConditionalMutator_EQUAL_ELSE,recuperaItens,82,KILLED,ds.RegressionTest20All0.test36(ds.RegressionTest20All0)
TabelaHash.java,ds.TabelaHash,org.pitest.mutationtest.engine.gregor.mutators.RemoveConditionalMutator_EQUAL_ELSE,recuperaItens,82,KILLED,ds.RegressionTest20All0.test36(ds.RegressionTest20All0)
TabelaHash.java,ds.TabelaHash,org.pitest.mutationtest.engine.gregor.mutators.RemoveConditionalMutator_EQUAL_ELSE,recuperaItens,85,SURVIVED,none
TabelaHash.java,ds.TabelaHash,org.pitest.mutationtest.engine.gregor.mutators.RemoveConditionalMutator_EQUAL_ELSE,recuperaItens,85,SURVIVED,none
TabelaHash.java,ds.TabelaHash,org.pitest.mutationtest.engine.gregor.mutators.RemoveConditionalMutator_EQUAL_IF,recuperaItens,82,KILLED,ds.RegressionTest20All0.test31(ds.RegressionTest20All0)
TabelaHash.java,ds.TabelaHash,org.pitest.mutationtest.engine.gregor.mutators.RemoveConditionalMutator_EQUAL_IF,recuperaItens,82,SURVIVED,none
TabelaHash.java,ds.TabelaHash,org.pitest.mutationtest.engine.gregor.mutators.RemoveConditionalMutator_EQUAL_IF,recuperaItens,85,KILLED,ds.RegressionTest20All0.test31(ds.RegressionTest20All0)
TabelaHash.java,ds.TabelaHash,org.pitest.mutationtest.engine.gregor.mutators.RemoveConditionalMutator_EQUAL_IF,recuperaItens,85,SURVIVED,none
TabelaHash.java,ds.TabelaHash,org.pitest.mutationtest.engine.gregor.mutators.RemoveConditionalMutator_ORDER_ELSE,recuperaItens,81,KILLED,ds.RegressionTest20All0.test36(ds.RegressionTest20All0)
TabelaHash.java,ds.TabelaHash,org.pitest.mutationtest.engine.gregor.mutators.RemoveConditionalMutator_ORDER_ELSE,recuperaItens,84,SURVIVED,none
TabelaHash.java,ds.TabelaHash,org.pitest.mutationtest.engine.gregor.mutators.RemoveConditionalMutator_ORDER_IF,recuperaItens,81,KILLED,ds.RegressionTest20All0.test31(ds.RegressionTest20All0)
TabelaHash.java,ds.TabelaHash,org.pitest.mutationtest.engine.gregor.mutators.RemoveConditionalMutator_ORDER_IF,recuperaItens,84,KILLED,ds.RegressionTest20All0.test31(ds.RegressionTest20All0)
TabelaHash.java,ds.TabelaHash,org.pitest.mutationtest.engine.gregor.mutators.ReturnValsMutator,recuperaItens,87,KILLED,ds.RegressionTest20All0.test31(ds.RegressionTest20All0)
TabelaHash.java,ds.TabelaHash,org.pitest.mutationtest.engine.gregor.mutators.experimental.RemoveIncrementsMutator,recuperaItens,82,KILLED,ds.RegressionTest20All0.test36(ds.RegressionTest20All0)
TabelaHash.java,ds.TabelaHash,org.pitest.mutationtest.engine.gregor.mutators.experimental.RemoveIncrementsMutator,recuperaItens,81,TIMED_OUT,none
TabelaHash.java,ds.TabelaHash,org.pitest.mutationtest.engine.gregor.mutators.experimental.RemoveIncrementsMutator,recuperaItens,86,SURVIVED,none
TabelaHash.java,ds.TabelaHash,org.pitest.mutationtest.engine.gregor.mutators.experimental.RemoveIncrementsMutator,recuperaItens,84,TIMED_OUT,none
TabelaHash.java,ds.TabelaHash,org.pitest.mutationtest.engine.gregor.mutators.ConditionalsBoundaryMutator,retira,74,KILLED,ds.RegressionTest20All0.test29(ds.RegressionTest20All0)
TabelaHash.java,ds.TabelaHash,org.pitest.mutationtest.engine.gregor.mutators.InlineConstantMutator,retira,75,SURVIVED,none
TabelaHash.java,ds.TabelaHash,org.pitest.mutationtest.engine.gregor.mutators.NegateConditionalsMutator,retira,74,KILLED,ds.RegressionTest20All0.test29(ds.RegressionTest20All0)
TabelaHash.java,ds.TabelaHash,org.pitest.mutationtest.engine.gregor.mutators.NonVoidMethodCallMutator,retira,73,KILLED,ds.RegressionTest20All0.test29(ds.RegressionTest20All0)
TabelaHash.java,ds.TabelaHash,org.pitest.mutationtest.engine.gregor.mutators.RemoveConditionalMutator_ORDER_ELSE,retira,74,SURVIVED,none
TabelaHash.java,ds.TabelaHash,org.pitest.mutationtest.engine.gregor.mutators.RemoveConditionalMutator_ORDER_IF,retira,74,KILLED,ds.RegressionTest20All0.test29(ds.RegressionTest20All0)
TabelaHash.java,ds.TabelaHash,org.pitest.mutationtest.engine.gregor.mutators.VoidMethodCallMutator,retira,76,SURVIVED,none
TabelaHash.java,ds.TabelaHash,org.pitest.mutationtest.engine.gregor.mutators.experimental.MemberVariableMutator,retira,75,SURVIVED,none
TabelaHash.java,ds.TabelaHash,org.pitest.mutationtest.engine.gregor.mutators.experimental.MemberVariableMutator,retira,75,SURVIVED,none
