Grafo.java,ds.Grafo,org.pitest.mutationtest.engine.gregor.mutators.ConditionalsBoundaryMutator,<init>,22,KILLED,ds.seed1448.JTExpert.TestCase3(ds.seed1448.JTExpert)
Grafo.java,ds.Grafo,org.pitest.mutationtest.engine.gregor.mutators.IncrementsMutator,<init>,22,KILLED,ds.seed1448.JTExpert.TestCase3(ds.seed1448.JTExpert)
Grafo.java,ds.Grafo,org.pitest.mutationtest.engine.gregor.mutators.InlineConstantMutator,<init>,17,SURVIVED,none
Grafo.java,ds.Grafo,org.pitest.mutationtest.engine.gregor.mutators.InlineConstantMutator,<init>,18,SURVIVED,none
Grafo.java,ds.Grafo,org.pitest.mutationtest.engine.gregor.mutators.InlineConstantMutator,<init>,22,SURVIVED,none
Grafo.java,ds.Grafo,org.pitest.mutationtest.engine.gregor.mutators.InlineConstantMutator,<init>,23,TIMED_OUT,none
Grafo.java,ds.Grafo,org.pitest.mutationtest.engine.gregor.mutators.InlineConstantMutator,<init>,24,SURVIVED,none
Grafo.java,ds.Grafo,org.pitest.mutationtest.engine.gregor.mutators.MathMutator,<init>,18,KILLED,ds.seed1448.JTExpert.TestCase5(ds.seed1448.JTExpert)
Grafo.java,ds.Grafo,org.pitest.mutationtest.engine.gregor.mutators.MathMutator,<init>,18,KILLED,ds.seed1448.JTExpert.TestCase3(ds.seed1448.JTExpert)
Grafo.java,ds.Grafo,org.pitest.mutationtest.engine.gregor.mutators.NegateConditionalsMutator,<init>,22,KILLED,ds.seed1448.JTExpert.TestCase8(ds.seed1448.JTExpert)
Grafo.java,ds.Grafo,org.pitest.mutationtest.engine.gregor.mutators.RemoveConditionalMutator_ORDER_ELSE,<init>,22,KILLED,ds.seed1448.GeneratedTest0.test28(ds.seed1448.GeneratedTest0)
Grafo.java,ds.Grafo,org.pitest.mutationtest.engine.gregor.mutators.RemoveConditionalMutator_ORDER_IF,<init>,22,KILLED,ds.seed1448.JTExpert.TestCase3(ds.seed1448.JTExpert)
Grafo.java,ds.Grafo,org.pitest.mutationtest.engine.gregor.mutators.experimental.MemberVariableMutator,<init>,19,KILLED,ds.seed1448.JTExpert.TestCase3(ds.seed1448.JTExpert)
Grafo.java,ds.Grafo,org.pitest.mutationtest.engine.gregor.mutators.experimental.MemberVariableMutator,<init>,19,KILLED,ds.seed1448.JTExpert.TestCase3(ds.seed1448.JTExpert)
Grafo.java,ds.Grafo,org.pitest.mutationtest.engine.gregor.mutators.experimental.MemberVariableMutator,<init>,20,KILLED,ds.seed1448.JTExpert.TestCase3(ds.seed1448.JTExpert)
Grafo.java,ds.Grafo,org.pitest.mutationtest.engine.gregor.mutators.experimental.MemberVariableMutator,<init>,20,KILLED,ds.seed1448.JTExpert.TestCase3(ds.seed1448.JTExpert)
Grafo.java,ds.Grafo,org.pitest.mutationtest.engine.gregor.mutators.experimental.MemberVariableMutator,<init>,21,KILLED,ds.seed1448.JTExpert.TestCase3(ds.seed1448.JTExpert)
Grafo.java,ds.Grafo,org.pitest.mutationtest.engine.gregor.mutators.experimental.MemberVariableMutator,<init>,26,KILLED,ds.seed1448.JTExpert.TestCase1(ds.seed1448.JTExpert)
Grafo.java,ds.Grafo,org.pitest.mutationtest.engine.gregor.mutators.BooleanFalseReturnValsMutator,existeAresta,51,KILLED,ds.seed1448.Evo.ds.seed1448.Evo
Grafo.java,ds.Grafo,org.pitest.mutationtest.engine.gregor.mutators.BooleanTrueReturnValsMutator,existeAresta,52,KILLED,ds.seed1448.JTExpert.TestCase5(ds.seed1448.JTExpert)
Grafo.java,ds.Grafo,org.pitest.mutationtest.engine.gregor.mutators.InlineConstantMutator,existeAresta,51,KILLED,ds.seed1448.Evo.ds.seed1448.Evo
Grafo.java,ds.Grafo,org.pitest.mutationtest.engine.gregor.mutators.InlineConstantMutator,existeAresta,52,KILLED,ds.seed1448.JTExpert.TestCase5(ds.seed1448.JTExpert)
Grafo.java,ds.Grafo,org.pitest.mutationtest.engine.gregor.mutators.NegateConditionalsMutator,existeAresta,50,TIMED_OUT,none
Grafo.java,ds.Grafo,org.pitest.mutationtest.engine.gregor.mutators.NegateConditionalsMutator,existeAresta,51,KILLED,ds.seed1448.Randoop0.test186(ds.seed1448.Randoop0)
Grafo.java,ds.Grafo,org.pitest.mutationtest.engine.gregor.mutators.RemoveConditionalMutator_EQUAL_ELSE,existeAresta,50,KILLED,ds.seed1448.Randoop0.test207(ds.seed1448.Randoop0)
Grafo.java,ds.Grafo,org.pitest.mutationtest.engine.gregor.mutators.RemoveConditionalMutator_EQUAL_ELSE,existeAresta,51,KILLED,ds.seed1448.Evo.ds.seed1448.Evo
Grafo.java,ds.Grafo,org.pitest.mutationtest.engine.gregor.mutators.RemoveConditionalMutator_EQUAL_IF,existeAresta,50,TIMED_OUT,none
Grafo.java,ds.Grafo,org.pitest.mutationtest.engine.gregor.mutators.RemoveConditionalMutator_EQUAL_IF,existeAresta,51,KILLED,ds.seed1448.Randoop0.test186(ds.seed1448.Randoop0)
Grafo.java,ds.Grafo,org.pitest.mutationtest.engine.gregor.mutators.ReturnValsMutator,existeAresta,51,KILLED,ds.seed1448.Evo.ds.seed1448.Evo
Grafo.java,ds.Grafo,org.pitest.mutationtest.engine.gregor.mutators.ReturnValsMutator,existeAresta,52,KILLED,ds.seed1448.JTExpert.TestCase5(ds.seed1448.JTExpert)
Grafo.java,ds.Grafo,org.pitest.mutationtest.engine.gregor.mutators.ConditionalsBoundaryMutator,grafoTransposto,94,SURVIVED,none
Grafo.java,ds.Grafo,org.pitest.mutationtest.engine.gregor.mutators.ConstructorCallMutator,grafoTransposto,93,KILLED,ds.seed1448.GeneratedTest0.test46(ds.seed1448.GeneratedTest0)
Grafo.java,ds.Grafo,org.pitest.mutationtest.engine.gregor.mutators.IncrementsMutator,grafoTransposto,94,KILLED,ds.seed1448.JTExpert.TestCase6(ds.seed1448.JTExpert)
Grafo.java,ds.Grafo,org.pitest.mutationtest.engine.gregor.mutators.InlineConstantMutator,grafoTransposto,94,KILLED,ds.seed1448.JTExpert.TestCase6(ds.seed1448.JTExpert)
Grafo.java,ds.Grafo,org.pitest.mutationtest.engine.gregor.mutators.NegateConditionalsMutator,grafoTransposto,94,KILLED,ds.seed1448.GeneratedTest0.test46(ds.seed1448.GeneratedTest0)
Grafo.java,ds.Grafo,org.pitest.mutationtest.engine.gregor.mutators.NegateConditionalsMutator,grafoTransposto,95,KILLED,ds.seed1448.JTExpert.TestCase6(ds.seed1448.JTExpert)
Grafo.java,ds.Grafo,org.pitest.mutationtest.engine.gregor.mutators.NegateConditionalsMutator,grafoTransposto,97,KILLED,ds.seed1448.JTExpert.TestCase6(ds.seed1448.JTExpert)
Grafo.java,ds.Grafo,org.pitest.mutationtest.engine.gregor.mutators.NonVoidMethodCallMutator,grafoTransposto,95,KILLED,ds.seed1448.Randoop0.test232(ds.seed1448.Randoop0)
Grafo.java,ds.Grafo,org.pitest.mutationtest.engine.gregor.mutators.NonVoidMethodCallMutator,grafoTransposto,96,KILLED,ds.seed1448.JTExpert.TestCase6(ds.seed1448.JTExpert)
Grafo.java,ds.Grafo,org.pitest.mutationtest.engine.gregor.mutators.NonVoidMethodCallMutator,grafoTransposto,98,KILLED,ds.seed1448.JTExpert.TestCase6(ds.seed1448.JTExpert)
Grafo.java,ds.Grafo,org.pitest.mutationtest.engine.gregor.mutators.NonVoidMethodCallMutator,grafoTransposto,98,SURVIVED,none
Grafo.java,ds.Grafo,org.pitest.mutationtest.engine.gregor.mutators.NonVoidMethodCallMutator,grafoTransposto,98,SURVIVED,none
Grafo.java,ds.Grafo,org.pitest.mutationtest.engine.gregor.mutators.NonVoidMethodCallMutator,grafoTransposto,99,SURVIVED,none
Grafo.java,ds.Grafo,org.pitest.mutationtest.engine.gregor.mutators.NullReturnValsMutator,grafoTransposto,102,KILLED,ds.seed1448.GeneratedTest0.test46(ds.seed1448.GeneratedTest0)
Grafo.java,ds.Grafo,org.pitest.mutationtest.engine.gregor.mutators.RemoveConditionalMutator_EQUAL_ELSE,grafoTransposto,95,KILLED,ds.seed1448.JTExpert.TestCase6(ds.seed1448.JTExpert)
Grafo.java,ds.Grafo,org.pitest.mutationtest.engine.gregor.mutators.RemoveConditionalMutator_EQUAL_ELSE,grafoTransposto,97,KILLED,ds.seed1448.JTExpert.TestCase6(ds.seed1448.JTExpert)
Grafo.java,ds.Grafo,org.pitest.mutationtest.engine.gregor.mutators.RemoveConditionalMutator_EQUAL_IF,grafoTransposto,95,KILLED,ds.seed1448.Randoop0.test232(ds.seed1448.Randoop0)
Grafo.java,ds.Grafo,org.pitest.mutationtest.engine.gregor.mutators.RemoveConditionalMutator_EQUAL_IF,grafoTransposto,97,KILLED,ds.seed1448.Randoop0.test106(ds.seed1448.Randoop0)
Grafo.java,ds.Grafo,org.pitest.mutationtest.engine.gregor.mutators.RemoveConditionalMutator_ORDER_ELSE,grafoTransposto,94,KILLED,ds.seed1448.JTExpert.TestCase6(ds.seed1448.JTExpert)
Grafo.java,ds.Grafo,org.pitest.mutationtest.engine.gregor.mutators.RemoveConditionalMutator_ORDER_IF,grafoTransposto,94,KILLED,ds.seed1448.GeneratedTest0.test46(ds.seed1448.GeneratedTest0)
Grafo.java,ds.Grafo,org.pitest.mutationtest.engine.gregor.mutators.ReturnValsMutator,grafoTransposto,102,KILLED,ds.seed1448.GeneratedTest0.test46(ds.seed1448.GeneratedTest0)
Grafo.java,ds.Grafo,org.pitest.mutationtest.engine.gregor.mutators.VoidMethodCallMutator,grafoTransposto,98,KILLED,ds.seed1448.JTExpert.TestCase6(ds.seed1448.JTExpert)
Grafo.java,ds.Grafo,org.pitest.mutationtest.engine.gregor.mutators.ConditionalsBoundaryMutator,imprime,85,SURVIVED,none
Grafo.java,ds.Grafo,org.pitest.mutationtest.engine.gregor.mutators.ConstructorCallMutator,imprime,86,KILLED,ds.seed1448.GeneratedTest0.test49(ds.seed1448.GeneratedTest0)
Grafo.java,ds.Grafo,org.pitest.mutationtest.engine.gregor.mutators.ConstructorCallMutator,imprime,88,KILLED,ds.seed1448.JTExpert.TestCase9(ds.seed1448.JTExpert)
Grafo.java,ds.Grafo,org.pitest.mutationtest.engine.gregor.mutators.IncrementsMutator,imprime,85,KILLED,ds.seed1448.GeneratedTest0.test49(ds.seed1448.GeneratedTest0)
Grafo.java,ds.Grafo,org.pitest.mutationtest.engine.gregor.mutators.InlineConstantMutator,imprime,85,SURVIVED,none
Grafo.java,ds.Grafo,org.pitest.mutationtest.engine.gregor.mutators.NegateConditionalsMutator,imprime,85,KILLED,ds.seed1448.Randoop0.test240(ds.seed1448.Randoop0)
Grafo.java,ds.Grafo,org.pitest.mutationtest.engine.gregor.mutators.NegateConditionalsMutator,imprime,87,TIMED_OUT,none
Grafo.java,ds.Grafo,org.pitest.mutationtest.engine.gregor.mutators.NonVoidMethodCallMutator,imprime,86,KILLED,ds.seed1448.GeneratedTest0.test49(ds.seed1448.GeneratedTest0)
Grafo.java,ds.Grafo,org.pitest.mutationtest.engine.gregor.mutators.NonVoidMethodCallMutator,imprime,86,KILLED,ds.seed1448.GeneratedTest0.test49(ds.seed1448.GeneratedTest0)
Grafo.java,ds.Grafo,org.pitest.mutationtest.engine.gregor.mutators.NonVoidMethodCallMutator,imprime,86,KILLED,ds.seed1448.GeneratedTest0.test49(ds.seed1448.GeneratedTest0)
Grafo.java,ds.Grafo,org.pitest.mutationtest.engine.gregor.mutators.NonVoidMethodCallMutator,imprime,86,SURVIVED,none
Grafo.java,ds.Grafo,org.pitest.mutationtest.engine.gregor.mutators.NonVoidMethodCallMutator,imprime,88,KILLED,ds.seed1448.JTExpert.TestCase9(ds.seed1448.JTExpert)
Grafo.java,ds.Grafo,org.pitest.mutationtest.engine.gregor.mutators.NonVoidMethodCallMutator,imprime,88,KILLED,ds.seed1448.JTExpert.TestCase9(ds.seed1448.JTExpert)
Grafo.java,ds.Grafo,org.pitest.mutationtest.engine.gregor.mutators.NonVoidMethodCallMutator,imprime,88,KILLED,ds.seed1448.JTExpert.TestCase9(ds.seed1448.JTExpert)
Grafo.java,ds.Grafo,org.pitest.mutationtest.engine.gregor.mutators.NonVoidMethodCallMutator,imprime,88,KILLED,ds.seed1448.JTExpert.TestCase9(ds.seed1448.JTExpert)
Grafo.java,ds.Grafo,org.pitest.mutationtest.engine.gregor.mutators.NonVoidMethodCallMutator,imprime,88,KILLED,ds.seed1448.JTExpert.TestCase9(ds.seed1448.JTExpert)
Grafo.java,ds.Grafo,org.pitest.mutationtest.engine.gregor.mutators.NonVoidMethodCallMutator,imprime,88,SURVIVED,none
Grafo.java,ds.Grafo,org.pitest.mutationtest.engine.gregor.mutators.RemoveConditionalMutator_EQUAL_ELSE,imprime,87,KILLED,ds.seed1448.Randoop0.test118(ds.seed1448.Randoop0)
Grafo.java,ds.Grafo,org.pitest.mutationtest.engine.gregor.mutators.RemoveConditionalMutator_EQUAL_IF,imprime,87,TIMED_OUT,none
Grafo.java,ds.Grafo,org.pitest.mutationtest.engine.gregor.mutators.RemoveConditionalMutator_ORDER_ELSE,imprime,85,KILLED,ds.seed1448.Randoop0.test118(ds.seed1448.Randoop0)
Grafo.java,ds.Grafo,org.pitest.mutationtest.engine.gregor.mutators.RemoveConditionalMutator_ORDER_IF,imprime,85,KILLED,ds.seed1448.Randoop0.test240(ds.seed1448.Randoop0)
Grafo.java,ds.Grafo,org.pitest.mutationtest.engine.gregor.mutators.VoidMethodCallMutator,imprime,86,SURVIVED,none
Grafo.java,ds.Grafo,org.pitest.mutationtest.engine.gregor.mutators.VoidMethodCallMutator,imprime,88,SURVIVED,none
Grafo.java,ds.Grafo,org.pitest.mutationtest.engine.gregor.mutators.experimental.NakedReceiverMutator,imprime,86,SURVIVED,none
Grafo.java,ds.Grafo,org.pitest.mutationtest.engine.gregor.mutators.experimental.NakedReceiverMutator,imprime,86,SURVIVED,none
Grafo.java,ds.Grafo,org.pitest.mutationtest.engine.gregor.mutators.experimental.NakedReceiverMutator,imprime,86,SURVIVED,none
Grafo.java,ds.Grafo,org.pitest.mutationtest.engine.gregor.mutators.experimental.NakedReceiverMutator,imprime,88,SURVIVED,none
Grafo.java,ds.Grafo,org.pitest.mutationtest.engine.gregor.mutators.experimental.NakedReceiverMutator,imprime,88,SURVIVED,none
Grafo.java,ds.Grafo,org.pitest.mutationtest.engine.gregor.mutators.experimental.NakedReceiverMutator,imprime,88,SURVIVED,none
Grafo.java,ds.Grafo,org.pitest.mutationtest.engine.gregor.mutators.experimental.NakedReceiverMutator,imprime,88,SURVIVED,none
Grafo.java,ds.Grafo,org.pitest.mutationtest.engine.gregor.mutators.experimental.NakedReceiverMutator,imprime,88,SURVIVED,none
Grafo.java,ds.Grafo,org.pitest.mutationtest.engine.gregor.mutators.InlineConstantMutator,insereAresta,43,KILLED,ds.seed1448.Randoop0.test071(ds.seed1448.Randoop0)
Grafo.java,ds.Grafo,org.pitest.mutationtest.engine.gregor.mutators.InlineConstantMutator,insereAresta,46,TIMED_OUT,none
Grafo.java,ds.Grafo,org.pitest.mutationtest.engine.gregor.mutators.MathMutator,insereAresta,43,KILLED,ds.seed1448.Randoop0.test071(ds.seed1448.Randoop0)
Grafo.java,ds.Grafo,org.pitest.mutationtest.engine.gregor.mutators.NegateConditionalsMutator,insereAresta,40,KILLED,ds.seed1448.JTExpert.TestCase1(ds.seed1448.JTExpert)
Grafo.java,ds.Grafo,org.pitest.mutationtest.engine.gregor.mutators.RemoveConditionalMutator_EQUAL_ELSE,insereAresta,40,KILLED,ds.seed1448.Evo.ds.seed1448.Evo
Grafo.java,ds.Grafo,org.pitest.mutationtest.engine.gregor.mutators.RemoveConditionalMutator_EQUAL_IF,insereAresta,40,KILLED,ds.seed1448.JTExpert.TestCase1(ds.seed1448.JTExpert)
Grafo.java,ds.Grafo,org.pitest.mutationtest.engine.gregor.mutators.VoidMethodCallMutator,insereAresta,41,SURVIVED,none
Grafo.java,ds.Grafo,org.pitest.mutationtest.engine.gregor.mutators.experimental.MemberVariableMutator,insereAresta,43,KILLED,ds.seed1448.Randoop0.test071(ds.seed1448.Randoop0)
Grafo.java,ds.Grafo,org.pitest.mutationtest.engine.gregor.mutators.BooleanFalseReturnValsMutator,listaAdjVazia,56,KILLED,ds.seed1448.JTExpert.TestCase8(ds.seed1448.JTExpert)
Grafo.java,ds.Grafo,org.pitest.mutationtest.engine.gregor.mutators.BooleanTrueReturnValsMutator,listaAdjVazia,56,KILLED,ds.seed1448.JTExpert.TestCase1(ds.seed1448.JTExpert)
Grafo.java,ds.Grafo,org.pitest.mutationtest.engine.gregor.mutators.InlineConstantMutator,listaAdjVazia,56,KILLED,ds.seed1448.JTExpert.TestCase8(ds.seed1448.JTExpert)
Grafo.java,ds.Grafo,org.pitest.mutationtest.engine.gregor.mutators.InlineConstantMutator,listaAdjVazia,56,KILLED,ds.seed1448.JTExpert.TestCase1(ds.seed1448.JTExpert)
Grafo.java,ds.Grafo,org.pitest.mutationtest.engine.gregor.mutators.NegateConditionalsMutator,listaAdjVazia,56,KILLED,ds.seed1448.JTExpert.TestCase8(ds.seed1448.JTExpert)
Grafo.java,ds.Grafo,org.pitest.mutationtest.engine.gregor.mutators.RemoveConditionalMutator_EQUAL_ELSE,listaAdjVazia,56,KILLED,ds.seed1448.JTExpert.TestCase8(ds.seed1448.JTExpert)
Grafo.java,ds.Grafo,org.pitest.mutationtest.engine.gregor.mutators.RemoveConditionalMutator_EQUAL_IF,listaAdjVazia,56,KILLED,ds.seed1448.JTExpert.TestCase1(ds.seed1448.JTExpert)
Grafo.java,ds.Grafo,org.pitest.mutationtest.engine.gregor.mutators.ReturnValsMutator,listaAdjVazia,56,KILLED,ds.seed1448.JTExpert.TestCase8(ds.seed1448.JTExpert)
Grafo.java,ds.Grafo,org.pitest.mutationtest.engine.gregor.mutators.PrimitiveReturnsMutator,numVertices,91,KILLED,ds.seed1448.GeneratedTest0.test16(ds.seed1448.GeneratedTest0)
Grafo.java,ds.Grafo,org.pitest.mutationtest.engine.gregor.mutators.ReturnValsMutator,numVertices,91,KILLED,ds.seed1448.GeneratedTest0.test16(ds.seed1448.GeneratedTest0)
Grafo.java,ds.Grafo,org.pitest.mutationtest.engine.gregor.mutators.NonVoidMethodCallMutator,primeiroListaAdj,62,KILLED,ds.seed1448.JTExpert.TestCase6(ds.seed1448.JTExpert)
Grafo.java,ds.Grafo,org.pitest.mutationtest.engine.gregor.mutators.NullReturnValsMutator,primeiroListaAdj,62,KILLED,ds.seed1448.JTExpert.TestCase6(ds.seed1448.JTExpert)
Grafo.java,ds.Grafo,org.pitest.mutationtest.engine.gregor.mutators.ReturnValsMutator,primeiroListaAdj,62,KILLED,ds.seed1448.JTExpert.TestCase6(ds.seed1448.JTExpert)
Grafo.java,ds.Grafo,org.pitest.mutationtest.engine.gregor.mutators.ConstructorCallMutator,proxAdj,69,KILLED,ds.seed1448.JTExpert.TestCase6(ds.seed1448.JTExpert)
Grafo.java,ds.Grafo,org.pitest.mutationtest.engine.gregor.mutators.NegateConditionalsMutator,proxAdj,68,KILLED,ds.seed1448.JTExpert.TestCase6(ds.seed1448.JTExpert)
Grafo.java,ds.Grafo,org.pitest.mutationtest.engine.gregor.mutators.NullReturnValsMutator,proxAdj,69,KILLED,ds.seed1448.JTExpert.TestCase6(ds.seed1448.JTExpert)
Grafo.java,ds.Grafo,org.pitest.mutationtest.engine.gregor.mutators.RemoveConditionalMutator_EQUAL_ELSE,proxAdj,68,KILLED,ds.seed1448.GeneratedTest0.test15(ds.seed1448.GeneratedTest0)
Grafo.java,ds.Grafo,org.pitest.mutationtest.engine.gregor.mutators.RemoveConditionalMutator_EQUAL_IF,proxAdj,68,KILLED,ds.seed1448.JTExpert.TestCase6(ds.seed1448.JTExpert)
Grafo.java,ds.Grafo,org.pitest.mutationtest.engine.gregor.mutators.ReturnValsMutator,proxAdj,68,KILLED,ds.seed1448.GeneratedTest0.test15(ds.seed1448.GeneratedTest0)
Grafo.java,ds.Grafo,org.pitest.mutationtest.engine.gregor.mutators.ReturnValsMutator,proxAdj,69,KILLED,ds.seed1448.JTExpert.TestCase6(ds.seed1448.JTExpert)
Grafo.java,ds.Grafo,org.pitest.mutationtest.engine.gregor.mutators.ConstructorCallMutator,retiraAresta,77,KILLED,ds.seed1448.Randoop0.test033(ds.seed1448.Randoop0)
Grafo.java,ds.Grafo,org.pitest.mutationtest.engine.gregor.mutators.NegateConditionalsMutator,retiraAresta,73,TIMED_OUT,none
Grafo.java,ds.Grafo,org.pitest.mutationtest.engine.gregor.mutators.NegateConditionalsMutator,retiraAresta,74,SURVIVED,none
Grafo.java,ds.Grafo,org.pitest.mutationtest.engine.gregor.mutators.NegateConditionalsMutator,retiraAresta,76,KILLED,ds.seed1448.GeneratedTest0.test17(ds.seed1448.GeneratedTest0)
Grafo.java,ds.Grafo,org.pitest.mutationtest.engine.gregor.mutators.NegateConditionalsMutator,retiraAresta,79,SURVIVED,none
Grafo.java,ds.Grafo,org.pitest.mutationtest.engine.gregor.mutators.NullReturnValsMutator,retiraAresta,81,KILLED,ds.seed1448.Randoop0.test033(ds.seed1448.Randoop0)
Grafo.java,ds.Grafo,org.pitest.mutationtest.engine.gregor.mutators.RemoveConditionalMutator_EQUAL_ELSE,retiraAresta,73,SURVIVED,none
Grafo.java,ds.Grafo,org.pitest.mutationtest.engine.gregor.mutators.RemoveConditionalMutator_EQUAL_ELSE,retiraAresta,74,SURVIVED,none
Grafo.java,ds.Grafo,org.pitest.mutationtest.engine.gregor.mutators.RemoveConditionalMutator_EQUAL_ELSE,retiraAresta,76,KILLED,ds.seed1448.Randoop0.test033(ds.seed1448.Randoop0)
Grafo.java,ds.Grafo,org.pitest.mutationtest.engine.gregor.mutators.RemoveConditionalMutator_EQUAL_ELSE,retiraAresta,79,SURVIVED,none
Grafo.java,ds.Grafo,org.pitest.mutationtest.engine.gregor.mutators.RemoveConditionalMutator_EQUAL_IF,retiraAresta,73,TIMED_OUT,none
Grafo.java,ds.Grafo,org.pitest.mutationtest.engine.gregor.mutators.RemoveConditionalMutator_EQUAL_IF,retiraAresta,74,SURVIVED,none
Grafo.java,ds.Grafo,org.pitest.mutationtest.engine.gregor.mutators.RemoveConditionalMutator_EQUAL_IF,retiraAresta,76,KILLED,ds.seed1448.GeneratedTest0.test17(ds.seed1448.GeneratedTest0)
Grafo.java,ds.Grafo,org.pitest.mutationtest.engine.gregor.mutators.RemoveConditionalMutator_EQUAL_IF,retiraAresta,79,SURVIVED,none
Grafo.java,ds.Grafo,org.pitest.mutationtest.engine.gregor.mutators.ReturnValsMutator,retiraAresta,81,KILLED,ds.seed1448.Randoop0.test033(ds.seed1448.Randoop0)
Grafo.java,ds.Grafo,org.pitest.mutationtest.engine.gregor.mutators.ReturnValsMutator,retiraAresta,82,KILLED,ds.seed1448.GeneratedTest0.test17(ds.seed1448.GeneratedTest0)
